titles,author,timestamp,fetch_timestamp
Why Is Coinbase (COIN) Stock Soaring Today,StockStory,2025-06-24 15:18:45.023326,2025-06-24 15:50:45.024449
"Mastercard forms stablecoin pacts with Paxos, PayPal, Fiserv",American Banker,2025-06-24 14:59:45.026034,2025-06-24 15:50:45.026169
"Circle stock falls, snapping monster rally as Wall Street flags rising risk of stablecoin competition",Yahoo Finance,2025-06-24 14:50:45.027179,2025-06-24 15:50:45.027298
Coinbase Stock Leads S&P 500 Gainers as Crypto Trading Platform Keeps Rallying,Investopedia,2025-06-24 14:50:45.028295,2025-06-24 15:50:45.028410
Bitcoin Mining Difficulty to Drop the Most Since July 2021,CoinDesk,2025-06-24 13:50:45.029384,2025-06-24 15:50:45.029534
"Wall Street rallies as Iran tensions cool, expert calls panic sellers ‘uneducated'",TheStreet,2025-06-24 13:50:45.030526,2025-06-24 15:50:45.030659
"AVAX Gains 8%, but Faces Short-Term Resistance",CoinDesk,2025-06-24 13:50:45.031658,2025-06-24 15:50:45.031787
Okta's Cross App Access Expands Security Portfolio: Buy the Stock?,Zacks,2025-06-24 13:50:45.032833,2025-06-24 15:50:45.032968
"SOL Surges 8%, With Its CME Futures Volume Hitting an All-Time High",CoinDesk,2025-06-24 12:50:45.034023,2025-06-24 15:50:45.034144
"Pompliano’s ProCap Buys 3,724 Bitcoin After Raising $750M War Chest",CoinDesk,2025-06-24 12:50:45.035118,2025-06-24 15:50:45.035234
"SharpLink Gaming Boosts Ethereum Treasury to 188,478 ETH With $30M Purchase",CoinDesk,2025-06-24 12:50:45.036200,2025-06-24 15:50:45.036314
Mastercard Joins With Fiserv to Promote New Stablecoin,Investopedia,2025-06-24 12:50:45.037291,2025-06-24 15:50:45.037406
"TON Up 3% After Volatile Session, Establishing New Support Level",CoinDesk,2025-06-24 11:50:45.038368,2025-06-24 15:50:45.038481
"Polymarket nears Founders Fund-led funding at over $1 billion valuation, source says",Reuters,2025-06-24 11:50:45.039467,2025-06-24 15:50:45.039579
U.S. Senators Pitch New Crypto Market Structure Framework as Hearing Approaches,CoinDesk,2025-06-24 11:50:45.040554,2025-06-24 15:50:45.040665
XOMA Royalty (XOMA) Moves 9.0% Higher: Will This Strength Last?,Zacks,2025-06-24 11:50:45.041634,2025-06-24 15:50:45.041762
"Mastercard Expands Stablecoin Push With Paxos, Fiserv and PayPal Integrations",CoinDesk,2025-06-24 11:50:45.042702,2025-06-24 15:50:45.042831
"Chainlink, Mastercard Tie-Up to Let Nearly 3B Cardholders Buy Crypto On-Chain",CoinDesk,2025-06-24 11:50:45.043849,2025-06-24 15:50:45.043966
Nano Labs Stock Skyrockets on Plan to Buy $1 Billion of Binance Coin,Investopedia,2025-06-24 11:50:45.044941,2025-06-24 15:50:45.045056
A look at the major players in the crypto industry and their ties to Trump,Associated Press Finance,2025-06-24 10:50:45.046024,2025-06-24 15:50:45.046138
Are Investors Undervaluing CF Industries (CF) Right Now?,Zacks,2025-06-24 10:50:45.047124,2025-06-24 15:50:45.047244
Is the Rise of Stablecoins the End of Mastercard as We Know it?,Zacks,2025-06-24 10:50:45.048228,2025-06-24 15:50:45.048340
"CoinDesk 20 Performance Update: Chainlink (LINK) Gains 8.4%, Leading Index Higher",CoinDesk,2025-06-24 10:50:45.049307,2025-06-24 15:50:45.049418
"Grayscale Unveils Fund for SXT, Native Token of Microsoft-Backed Space and Time Blockchain",CoinDesk,2025-06-24 10:50:45.050402,2025-06-24 15:50:45.050512
Cosmos' ATOM Surges 10% in High-Volume Breakout Rally,CoinDesk,2025-06-24 10:50:45.051576,2025-06-24 15:50:45.051694
EuroPA and EPI collaborate to strengthen cross-border payments in Europe,Electronic Payments,2025-06-24 09:50:45.052694,2025-06-24 15:50:45.052824
Digital Asset secures $135m to advance blockchain integration,Private Banker International,2025-06-24 09:50:45.053825,2025-06-24 15:50:45.053943
4 Crypto-Centric Stocks to Watch as Bitcoin Rebounds to Resume Rally,Zacks,2025-06-24 09:50:45.054905,2025-06-24 15:50:45.055018
"Bitcoin Mining Profitability Increased by Almost 20% in May, Jefferies Says",CoinDesk,2025-06-24 09:50:45.055978,2025-06-24 15:50:45.056091
Fiserv to launch digital asset platform with new stablecoin by year-end,Electronic Payments,2025-06-24 08:50:45.057068,2025-06-24 15:50:45.057179
Aon Broker Copilot to transform insurance placement with AI,Life Insurance International,2025-06-24 08:50:45.058155,2025-06-24 15:50:45.058266
"Compass Point initiates Circle at “neutral,” flags distribution challenge",Investing.com,2025-06-24 08:50:45.059243,2025-06-24 15:50:45.059356
Central bank body BIS delivers stark stablecoin warning,Reuters,2025-06-24 08:50:45.060320,2025-06-24 15:50:45.060432
"Turkey taking crypto transaction steps to hinder laundering, Simsek says",Reuters,2025-06-24 07:50:45.061393,2025-06-24 15:50:45.061505
"Ethereum Developer Proposes 6-Second Block Times to Boost Speed, Slash Fees",CoinDesk,2025-06-24 07:50:45.062492,2025-06-24 15:50:45.062613
Is First Trust NYSE Arca Biotechnology ETF (FBT) a Strong ETF Right Now?,Zacks,2025-06-24 07:50:45.063574,2025-06-24 15:50:45.063685
"Billionaire Philippe Laffont Thinks This Could Be Worth More Than Amazon, Meta Platforms, and Tesla By 2030",Motley Fool,2025-06-24 07:50:45.064639,2025-06-24 15:50:45.064763
THE MINING POD: How Bitcoin ATMs Are Outcompeting Bitcoin Mining Stocks w/ Brandon Bailey,CoinDesk,2025-06-24 07:50:45.065702,2025-06-24 15:50:45.065830
"Exclusive: Mastercard joins USDG stablecoin group, adds support for PayPal and Fiserv tokens",Fortune,2025-06-24 07:50:45.066785,2025-06-24 15:50:45.066899
ARK ETFs Surged Last Week: Here's Why,Zacks,2025-06-24 07:50:45.067848,2025-06-24 15:50:45.067962
​​Crypto Kidnappings Are on the Rise. Should Investors Be Worried?,Motley Fool,2025-06-24 06:50:45.068922,2025-06-24 15:50:45.069032
Bitcoin Set for Biggest Mining Difficulty Drop Since July 2021,CoinDesk,2025-06-24 06:50:45.070041,2025-06-24 15:50:45.070257
"The Smartest Financial Stocks to Buy With $2,000 Right Now",Motley Fool,2025-06-24 06:50:45.071238,2025-06-24 15:50:45.071353
Will Stablecoins Kill Visa's Cash Cow?,Motley Fool,2025-06-24 06:50:45.072318,2025-06-24 15:50:45.072429
Hong Kong Family Office VMS to Allocate Up to $10M to First Crypto Play: Bloomberg,CoinDesk,2025-06-24 06:50:45.073405,2025-06-24 15:50:45.073523
"Which High-Flying Growth Stock Is Wall Street Most Bullish About: Palantir, Robinhood, or Spotify?",Motley Fool,2025-06-24 06:50:45.074477,2025-06-24 15:50:45.074588
U.S. Housing Regulator Could Let Crypto Be Considered in Mortgage Applications,CoinDesk,2025-06-24 05:50:45.075571,2025-06-24 15:50:45.075685
"Digital Asset, Builder of Privacy-Focused Blockchain Canton, Raises $135M",CoinDesk,2025-06-24 05:50:45.076656,2025-06-24 15:50:45.076784
Bank of Korea deputy chief says desirable to introduce stablecoins gradually,Reuters,2025-06-24 03:50:45.077737,2025-06-24 15:50:45.077868
"Bitcoin Could Spike to $120K, Here Are 4 Factors Boosting the Case for a BTC Bull Run",CoinDesk,2025-06-24 03:50:45.078890,2025-06-24 15:50:45.079004
Dogecoin Surges 7% as Bulls Break Key Resistance,CoinDesk,2025-06-24 02:50:45.079974,2025-06-24 15:50:45.080086
"Ether, Solana, Cardano Spike 7% as Trump Claims to Broker Israel-Iran Ceasefire",CoinDesk,2025-06-24 02:50:45.081068,2025-06-24 15:50:45.081182
"XRP Jumps 11% With Eyes on $2.20, Analysts Split on What’s Next",CoinDesk,2025-06-24 02:50:45.082153,2025-06-24 15:50:45.082266
"Ark Invest Continues to Dump Circle Shares, Buys Robinhood and Coinbase",CoinDesk,2025-06-24 02:50:45.083236,2025-06-24 15:50:45.083347
2 Reasons to Like FVRR (and 1 Not So Much),StockStory,2025-06-24 01:50:45.084317,2025-06-24 15:50:45.084428
"The Best Stocks to Invest $1,000 in Right Now",Motley Fool,2025-06-23 21:50:45.085404,2025-06-24 15:50:45.085517
ETH Surges 9% as Crypto Market Celebrates Trump's Ceasefire Announcement,CoinDesk,2025-06-23 20:50:45.086932,2025-06-24 15:50:45.087145
Bitcoin Busts Past $106K on Reported Iran/Israel Ceasefire,CoinDesk,2025-06-23 20:50:45.088899,2025-06-24 15:50:45.089096
Chipotle Mexican Grill (CMG) Rises Higher Than Market: Key Facts,Zacks,2025-06-23 18:50:45.090852,2025-06-24 15:50:45.091050
Crypto Czar's Clue: David Sacks Hints at Expanded US Bitcoin Reserve,Zacks,2025-06-23 18:50:45.092923,2025-06-24 15:50:45.093115
Eli Lilly (LLY) Surpasses Market Returns: Some Facts Worth Knowing,Zacks,2025-06-23 18:50:45.094934,2025-06-24 15:50:45.095171
Circle Hits New Record With Market Cap Nearing That of Coinbase,CoinDesk,2025-06-23 18:50:45.097010,2025-06-24 15:50:45.097216
Stablecoins Are a Monetary Revolution in the Making,CoinDesk,2025-06-23 17:50:45.099088,2025-06-24 15:50:45.099303
"HIVE Digital wants to mine 12 Bitcoin a day with just 25 employees, CEO says",TheStreet,2025-06-23 16:50:45.101012,2025-06-24 15:50:45.101196
Aptos' APT Gains 6% With High-Volume Buying Amidst Wider Crypto Market Bounce,CoinDesk,2025-06-23 16:50:45.102994,2025-06-24 15:50:45.103197
Wall Street eyes 'BNB MicroStrategy' amid $100M bet,TheStreet,2025-06-23 16:50:45.104951,2025-06-24 15:50:45.105128
Texas Ready for $10M Bitcoin Purchase After Governor Signs Bill for State Reserve,CoinDesk,2025-06-23 16:50:45.106898,2025-06-24 15:50:45.107101
"Benchmark updates Coinbase outlook with 40% hike, reiterates 'Buy' rating",TheStreet,2025-06-23 16:50:45.109133,2025-06-24 15:50:45.109397
TBBK Q1 Deep Dive: FinTech Growth Offsets Margin Pressure and Asset Sensitivity Shift,StockStory,2025-06-23 15:50:45.112163,2025-06-24 15:50:45.112469
Bankrupt Crypto Exchange FTX Slams Three Arrows Capital’s $1.53B Claim: “3AC Is Owed Nothing”,CoinDesk,2025-06-23 15:50:45.114723,2025-06-24 15:50:45.114960
Startup claims to settle cross-border payments in minutes using stablecoins,TheStreet,2025-06-23 15:50:45.116623,2025-06-24 15:50:45.116865
Why Shares of Circle Are Surging Today,Motley Fool,2025-06-23 15:50:45.118625,2025-06-24 15:50:45.118860
Anthony Pompliano strikes deal to create publicly-traded Bitcoin treasury company,Fortune,2025-06-23 15:50:45.120686,2025-06-24 15:50:45.120917
Bitcoin Plunges Below $100K: Time to Buy the Dip?,Zacks,2025-06-23 15:50:45.122644,2025-06-24 15:50:45.122870
"Trump's Crypto Ties Still Toxic With Some Dems, Including One Seen as Industry Ally",CoinDesk,2025-06-23 15:50:45.124584,2025-06-24 15:50:45.124800
Hedge Fund Veterans Plan $100M BNB Treasury Bet,CoinDesk,2025-06-23 15:50:45.126613,2025-06-24 15:50:45.126835
"Bitcoin Bounce Fails, Tumbling Below $100K as Iran Reportedly Prepares Retaliation Against U.S.",CoinDesk,2025-06-23 15:50:45.128526,2025-06-24 15:50:45.128721
"Pantera's Morehead Says Equities 'Rich,' Favors Crypto",Bloomberg,2025-06-23 15:50:45.130408,2025-06-24 15:50:45.130602
BNB Sees Modest Gains Following Iran Strikes,CoinDesk,2025-06-23 15:50:45.132319,2025-06-24 15:50:45.132511
Visa's Crypto Integration: A Game Changer or a Risky Bet?,Zacks,2025-06-23 15:50:45.134577,2025-06-24 15:50:45.134966
Hyperliquid Dominates DEX Perps,CoinDesk,2025-06-23 15:50:45.136659,2025-06-24 15:50:45.136810
"Midnight Network Unveils NIGHT Tokenomics, 'Glacier Drop' Airdrop Mechanism",CoinDesk,2025-06-23 15:50:45.137807,2025-06-24 15:50:45.137931
"A Startup Raises $15M, Led by Paradigm, Aiming to Rival HyperLiquid",CoinDesk,2025-06-23 15:50:45.138913,2025-06-24 15:50:45.139031
"Brazil’s Méliuz Buys $28.6M in Bitcoin, Becomes Top Public BTC Holder in Latin America",CoinDesk,2025-06-23 15:50:45.140138,2025-06-24 15:50:45.140337
Trump Media Share Buyback to be Funded Separately From BTC Treasury Strategy,CoinDesk,2025-06-23 15:50:45.142107,2025-06-24 15:50:45.142319
"Canaan to Exit AI Chip Business, Double Down on Bitcoin Mining Amid Realignment",CoinDesk,2025-06-23 15:50:45.144081,2025-06-24 15:50:45.144291
Tokenized Shares of Solana Treasury Company Defi Dev Coming to Kraken,CoinDesk,2025-06-23 15:50:45.145987,2025-06-24 15:50:45.146184
Fiserv to Add New Stablecoin for Its Network by End of Year,Investopedia,2025-06-23 15:50:45.147839,2025-06-24 15:50:45.148043
Bitcoin and Digital Asset Clarity Is Essential for Our Financial Future,CoinDesk,2025-06-23 15:50:45.149645,2025-06-24 15:50:45.149857
"Goldman Sachs launches AI assistant firmwide, memo shows",Reuters,2025-06-23 15:50:45.151340,2025-06-24 15:50:45.151505
Coinbase Is Well Positioned to Benefit From U.S. Crypto Regulatory Clarity: Benchmark,CoinDesk,2025-06-23 15:50:45.153121,2025-06-24 15:50:45.153307
"Cardone Capital Adds 1,000 BTC, Eyes 3,000 in Bold Bitcoin Strategy",CoinDesk,2025-06-23 15:50:45.154807,2025-06-24 15:50:45.154981
"Fiserv Joins Stablecoin Fray, Teaming Up With Circle, Paxos, PayPal for Launch on Solana",CoinDesk,2025-06-23 15:50:45.156444,2025-06-24 15:50:45.156618
CoinDesk 20 Performance Update: Uniswap (UNI) Drops 11.4% as All Assets Trade Lower,CoinDesk,2025-06-23 15:50:45.158099,2025-06-24 15:50:45.158300
"Fiserv unveils plans to launch stablecoin with Circle, PayPal as partners",Reuters,2025-06-23 15:50:45.159930,2025-06-24 15:50:45.160102
DeFi company Blueprint Finance raises $9.5 million from Polychain Capital,Fortune,2025-06-23 15:50:45.162082,2025-06-24 15:50:45.162270
Anthony Pompliano’s ProCap to Go Public in $1B Bitcoin Treasury SPAC Deal,CoinDesk,2025-06-23 15:50:45.165201,2025-06-24 15:50:45.165387
Veda Raises $18M to Expand DeFi Vault Infrastructure Powering Over $3.7B in Assets,CoinDesk,2025-06-23 15:50:45.169507,2025-06-24 15:50:45.169718
5G Chipmaker Sequans Joins the Bitcoin Treasury Strategy Rush,CoinDesk,2025-06-23 15:50:45.171452,2025-06-24 15:50:45.171666
US investor strikes $1 billion merger to create bitcoin treasury company,Reuters,2025-06-23 15:50:45.173082,2025-06-24 15:50:45.173207
"Litecoin Climbs 4% to Top $84, With ETF Odds Growing",CoinDesk,2025-06-24 14:14:57.936652,2025-06-24 16:14:57.936785
Why Is Reddit (RDDT) Stock Soaring Today,StockStory,2025-06-24 19:17:55.632228,2025-06-24 19:55:55.633956
Crypto market bounces back after President Trump announced a ceasefire between Israel and Iran,Fortune,2025-06-24 17:55:55.639107,2025-06-24 19:55:55.639216
"Circle stock falls 15%, snapping monster rally as Wall Street flags rising risk of stablecoin competition",Yahoo Finance,2025-06-24 20:07:22.456386,2025-06-24 20:31:22.457672
Lose your Bitcoin keys? Liana’s new ‘Safety Net’ recovery could save you,TheStreet,2025-06-24 20:00:22.459228,2025-06-24 20:31:22.459498
Nearly 60% chance 'Bollywood Mayor' beats Andrew Cuomo in New York primary,TheStreet,2025-06-24 19:57:22.460617,2025-06-24 20:31:22.460734
Kraken teams up with Dutch neobank to bring seamless crypto integration,TheStreet,2025-06-24 19:34:22.461866,2025-06-24 20:31:22.461983
Bitcoin Miner CleanSpark Hits 50 EH/s Hashrate Milestone,CoinDesk,2025-06-24 18:31:22.464722,2025-06-24 20:31:22.464828
Why XRP Is Soaring Today,Motley Fool,2025-06-24 20:56:31.095276,2025-06-24 21:27:31.097003
Why Dogecoin Is Spiking Today,Motley Fool,2025-06-24 20:27:31.098256,2025-06-24 21:27:31.098507
Is Wall Street Missing the Boat on Coinbase's Stablecoin Revolution?,Zacks,2025-06-24 20:27:31.103099,2025-06-24 21:27:31.103203
Chainlink's LINK Surges 13% as Mastercard Partnership Fuels Rally Amid Crypto Recovery,CoinDesk,2025-06-24 19:27:31.104028,2025-06-24 21:27:31.104131
The Future of Money Is Streaming Now,CoinDesk,2025-06-24 19:27:31.104949,2025-06-24 21:27:31.105053
Eric Adams wants to launch a ‘BitBond’ in NYC—says industry must 'move while the Iron is hot',TheStreet,2025-06-24 21:32:48.150923,2025-06-24 22:29:48.152626
"BCH Stumbles at $467 After Triple Rejection, Ends Slightly Down Despite High-Volume Rebound",CoinDesk,2025-06-24 19:29:48.160478,2025-06-24 22:29:48.160582
Coinbase Global (COIN) Adds Market Torque as U.S. Senate Ushers in Tokenized Trading,TipRanks,2025-06-25 01:35:30.347772,2025-06-25 02:19:30.349513
2 Tech Stocks With More Potential Than Any Cryptocurrency,Motley Fool,2025-06-25 01:19:30.350765,2025-06-25 02:19:30.351017
Crypto Firm BitGo’s Assets in Custody Jump to Top $100 Billion,Bloomberg,2025-06-25 00:19:30.351881,2025-06-25 02:19:30.351997
Asia Morning Briefing: Analysts Say BTC’s Long-Term Focus Is Easing War Jitters,CoinDesk,2025-06-25 01:31:36.387784,2025-06-25 05:31:36.388041
'Bollywood Mayor' Zohran Mamdani beats Andrew Cuomo in New York primary,TheStreet,2025-06-24 20:29:27.267458,2025-06-25 07:29:27.267567
"Fraud victims among top crypto ATM users, Australian regulator says",Reuters,2025-06-25 07:57:24.215552,2025-06-25 08:38:24.216812
"1 Top Cryptocurrency to Buy Before It Soars 2,200%, According to Cathie Wood",Motley Fool,2025-06-25 08:54:22.502756,2025-06-25 09:33:22.504649
"Crypto Trader Sees Bitcoin Hitting $160K by Year-End; ETH, SOL, ADA to Gain on Middle East Truce",CoinDesk,2025-06-25 07:33:22.507055,2025-06-25 09:33:22.507172
"Bitfinex Securities Is Taking a Different Approach to RWAs, Launches Two New Products in the U.K.",CoinDesk,2025-06-25 06:33:22.507998,2025-06-25 09:33:22.508112
Bitcoin's Upcoming $14B Options Expiry Marked by Surge in Put-Call Ratio. What Does It Indicate?,CoinDesk,2025-06-25 06:33:22.508906,2025-06-25 09:33:22.509034
1 Key Reason to Buy XRP and Hold It for 10 Years or More,Motley Fool,2025-06-25 09:15:36.640387,2025-06-25 09:49:36.642200
North America Rig Count Stays Flat,Rigzone.com,2025-06-24 17:49:36.666640,2025-06-25 09:49:36.666746
Acea to divest Acea Energia to Eni’s Plenitude for €588m,Power Technology,2025-06-25 09:33:59.674146,2025-06-25 10:33:59.674399
"Metaplanet Raises $515M, Blockchain Group Adds $4.8M in Bitcoin Treasury Equity Moves",CoinDesk,2025-06-25 08:33:59.677206,2025-06-25 10:33:59.677318
NYSE Tweaks Rule to List Trump Media's Bitcoin-Ethereum ETF,CoinDesk,2025-06-25 07:33:59.678152,2025-06-25 10:33:59.678258
"Bitfinex Securities Is Taking a Different Approach to RWAs, Launches Two New Products in the UK",CoinDesk,2025-06-25 06:33:59.680019,2025-06-25 10:33:59.680125
Missed Out on the Circle IPO? This Cryptocurrency Investment Might Be the Real Winner in the Long Run (Hint: It's Not Robinhood or Bitcoin).,Motley Fool,2025-06-25 11:00:20.603587,2025-06-25 11:25:20.605334
Continental supplies digital access system for Audi Q6 e-tron SUV,Just Auto,2025-06-25 10:34:20.607042,2025-06-25 11:25:20.607307
"Nvidia and Palantir Could Help This Unstoppable ETF Turn $1,000 Per Month Into $1 Million Over the Long Term",Motley Fool,2025-06-25 10:32:20.608477,2025-06-25 11:25:20.608594
"The Zacks Analyst Blog Highlights CME, Accenture, Visa and PayPal",Zacks,2025-06-25 09:25:20.609447,2025-06-25 11:25:20.609560
"XRP Ledger Brings Token Escrow, Other Upgrades for DEXs in New Release",CoinDesk,2025-06-25 09:25:20.613148,2025-06-25 11:25:20.613254
Deep Sea Mining Firm Goes Deep on Bitcoin With $1.2B BTC Treasury Plan,CoinDesk,2025-06-25 09:25:20.614071,2025-06-25 11:25:20.614178
"Brussels set to disregard ECB warnings over stablecoin rules, FT reports",Reuters,2025-06-25 11:31:47.843394,2025-06-25 11:44:47.845148
2 Reasons to Like EWBC and 1 to Stay Skeptical,StockStory,2025-06-25 04:44:47.861330,2025-06-25 11:44:47.861436
Chinese Marketing Company Aurora Mobile Plans to Adopt Crypto Treasury,CoinDesk,2025-06-25 09:59:18.161364,2025-06-25 12:59:18.161479
2 Reasons to Buy Shiba Inu (SHIB) Before 2026,Motley Fool,2025-06-25 13:13:48.015366,2025-06-25 13:42:48.017091
Can Strategic Funding Deals Keep Affirm Ahead in the BNPL Space?,Zacks,2025-06-25 12:42:48.018372,2025-06-25 13:42:48.018628
"Shiba Inu Whales Snap Up 10T SHIB, Prices Chalk Out Descending Triangle Pattern",CoinDesk,2025-06-25 11:42:48.021405,2025-06-25 13:42:48.021516
US stocks hang near their record as Wall Street takes a breath following two big days,Associated Press,2025-06-25 06:42:48.036277,2025-06-25 13:42:48.036383
US stocks hang near their record as Wall Street takes a breath following two big days,Associated Press Finance,2025-06-25 06:42:48.037174,2025-06-25 13:42:48.037298
"Best money market account rates today, June 24, 2025  (Earn up to 4.41% APY)",Yahoo Personal Finance,2025-06-24 13:42:48.089549,2025-06-25 13:42:48.089651
"SoFi to reintroduce crypto investing, add blockchain remittances",Investing.com,2025-06-25 14:05:58.595586,2025-06-25 14:31:58.596632
"Coinbase target raised to ’Street High’ at Bernstein, calling it ’misunderstood’",Investing.com,2025-06-25 13:56:58.598294,2025-06-25 14:31:58.598423
dLocal and BVNK collaborate to enable stablecoin-based global payouts,Electronic Payments,2025-06-25 13:47:58.599634,2025-06-25 14:31:58.599749
"Baanx Adds BNB Support on Its Crypto Card for UK, EU, LATAM",CoinDesk,2025-06-25 12:31:58.602480,2025-06-25 14:31:58.602585
Stablecoins may push aside payments,Payments Dive,2025-06-25 09:51:28.769280,2025-06-25 14:51:28.769386
"Inside Sunnie, the Hello Sunshine spin-off Reese Witherspoon just cocreated with Gen Z",FastCompany,2025-06-24 14:51:28.826654,2025-06-25 14:51:28.826758
Coinbase stock surges to hover near record close as analyst calls company 'one-stop Amazon' of crypto services,Yahoo Finance,2025-06-25 15:26:22.758332,2025-06-25 15:32:22.759726
"Coinbase (COIN) Shares Skyrocket, What You Need To Know",StockStory,2025-06-25 15:16:22.761502,2025-06-25 15:32:22.761765
Investment Platform Republic to Allow Investors to Bet on SpaceX,Investopedia,2025-06-25 14:55:22.763020,2025-06-25 15:32:22.763135
"EBANX, APLAZO partner to expand flexible payments options in Mexico",Electronic Payments,2025-06-25 14:32:22.764950,2025-06-25 15:32:22.765059
"Coinbase Is the Most Misunderstood Business in Crypto, Says Analyst With Highest Wall Street Price Target",CoinDesk,2025-06-25 13:32:22.768631,2025-06-25 15:32:22.768732
Tokenized Shares in Elon Musk's SpaceX Coming From Republic: WSJ,CoinDesk,2025-06-25 13:32:22.769553,2025-06-25 15:32:22.769654
Dogecoin Pushes Higher as Bulls Break 16 Cent Resistance,CoinDesk,2025-06-25 13:32:22.770466,2025-06-25 15:32:22.770566
"XRP Primed for Record Rally, Echoing Bullish Bitcoin Pattern Ahead of $100K Breakout",CoinDesk,2025-06-25 13:32:22.771384,2025-06-25 15:32:22.771488
Newest 'Star' in Sky Ecosystem Launches With $1B Tokenized Credit Strategy,CoinDesk,2025-06-25 12:32:22.773195,2025-06-25 15:32:22.773297
Coinbase stock touches 52-week high as analyst calls company 'one-stop Amazon' of crypto services,Yahoo Finance,2025-06-25 15:37:28.589050,2025-06-25 16:37:28.591026
COIN vs. PYPL: Which Crypto Payments Stock is the Better Option Now?,Zacks,2025-06-25 15:37:28.594881,2025-06-25 16:37:28.595004
European Commission to allow stablecoin interchangeability,Reuters,2025-06-25 11:37:28.607395,2025-06-25 16:37:28.607531
Coinbase Stock Gets a New Top Wall Street Bull After Tuesday's 12% Pop,Investopedia,2025-06-25 17:28:24.180990,2025-06-25 17:47:24.182751
BITCOIN SEASON 2: Putting Music On Chain w/ 0xBunzy,CoinDesk,2025-06-25 12:47:24.196368,2025-06-25 17:47:24.196475
Mastercard Expands Digital Currency Reach via Fiserv & Chainlink,Zacks,2025-06-25 16:40:35.215533,2025-06-25 18:40:35.215796
The Next Frontier in Finance: Tokenized Access to Private Markets,CoinDesk,2025-06-25 15:40:35.218524,2025-06-25 18:40:35.218632
What’s Next for Real-World Asset Tokenization,CoinDesk,2025-06-25 15:40:35.219466,2025-06-25 18:40:35.219572
Leading Crypto Senator Sees End of Year as U.S. Legislation Target,CoinDesk,2025-06-25 15:40:35.221306,2025-06-25 18:40:35.221411
Anthony Pompliano's ProCap BTC Buys $128M of Bitcoin in 2nd Straight Day of Purchases,CoinDesk,2025-06-25 14:40:35.223137,2025-06-25 18:40:35.223242
Anchorage CEO: Stablecoins to become ‘core plumbing’ in finance,Banking Dive,2025-06-25 13:40:35.228570,2025-06-25 18:40:35.228689
Why a billionaire investor thinks bitcoin's total market value could more than double to $5 trillion,Business Insider,2025-06-25 18:22:30.203245,2025-06-25 19:22:30.205007
Coinbase stock surges 38% on regulatory clarity and a Bernstein price target boost,Fortune,2025-06-25 17:22:30.207405,2025-06-25 19:22:30.207519
"Solana Will Lead Tokenization, Hyperliquid the 'Perpification of Everything': Ryan Watkins",CoinDesk,2025-06-25 17:22:30.208363,2025-06-25 19:22:30.208473
Barclays to Ban Credit-Card Crypto Purchases Starting Friday,CoinDesk,2025-06-25 17:22:30.210235,2025-06-25 19:22:30.210342
"Zama Raises $57M, Becomes First Unicorn Involved With Fully Homomorphic Encryption",CoinDesk,2025-06-25 16:22:30.211184,2025-06-25 19:22:30.211291
Animoca Brands' Flagship Project Moca Network to Debut L1 for Digital Identity,CoinDesk,2025-06-25 16:22:30.212118,2025-06-25 19:22:30.212224
ATOM Surges 3.6% Amid Strong Volume Swings at Key Support Levels,CoinDesk,2025-06-25 16:22:30.213962,2025-06-25 19:22:30.214070
NEAR Protocol Plunges 4% Before Staging Recovery Amid Market Volatility,CoinDesk,2025-06-25 15:22:30.215819,2025-06-25 19:22:30.215928
Republic to Launch Tokenized Shares in Elon Musk's SpaceX,CoinDesk,2025-06-25 19:18:49.271145,2025-06-25 19:42:49.272170
"Kalshi valued at $2 billion in latest funding round, CEO says",Reuters,2025-06-25 20:20:48.331093,2025-06-25 20:31:48.332858
Barclays stuns credit card users with startling June 27 crackdown,TheStreet,2025-06-25 20:17:48.334380,2025-06-25 20:31:48.334646
Bitdeer Raises $330M Via Convertible Note Sale,CoinDesk,2025-06-25 18:31:48.338601,2025-06-25 20:31:48.338709
Ethereum's 'Identity Crisis' Is What Real Decentralization Looks Like,CoinDesk,2025-06-25 17:31:48.340430,2025-06-25 20:31:48.340554
"Fannie Mae, Freddie Mac ordered to consider crypto as an asset when buying mortgages",Associated Press Finance,2025-06-25 20:44:22.147009,2025-06-25 21:27:22.148033
AP Top Extended Financial Headlines at 4:52 p.m. EDT,Associated Press Finance,2025-06-25 04:27:22.202030,2025-06-25 21:27:22.202135
Federal Regulator Opens Doors to Considering Crypto in Mortgage Applications,Investopedia,2025-06-25 21:14:08.329349,2025-06-25 21:45:08.331181
99% of traders nailed Zohran Mamdani’s stunning New York primary win,TheStreet,2025-06-24 21:45:08.395858,2025-06-25 21:45:08.395981
Invesco files for Solana ETF to tap growing demand for bitcoin alternatives,Reuters,2025-06-25 22:02:30.359312,2025-06-25 22:29:30.361034
"Trump-backed crypto firm is planning stablecoin audit, new app",Reuters,2025-06-25 21:49:30.362671,2025-06-25 22:29:30.362929
Is Coinbase (COIN) Stock Poised for Higher Highs?,Zacks,2025-06-25 21:29:30.365700,2025-06-25 22:29:30.365811
SoFi to Launch Blockchain Remittances With Stablecoins as Crypto Returns to Platform,CoinDesk,2025-06-25 20:29:30.369438,2025-06-25 22:29:30.369545
AP Top Extended Financial Headlines at 6:20 p.m. EDT,Associated Press Finance,2025-06-25 04:29:30.420359,2025-06-25 22:29:30.420463
"XRP and SOL go mainstream with cash access at 28,000+ U.S. retail locations",TheStreet,2025-06-25 22:11:50.102142,2025-06-25 22:47:50.103430
Homebuyers could soon use crypto to help get a mortgage under new Trump admin plan,CNN Business,2025-06-25 21:47:50.108265,2025-06-25 22:47:50.108399
Bitcoin Rises Past $107K as FHFA's Pulte Orders Crypto Consideration in Mortgage Applications,CoinDesk,2025-06-25 20:26:56.387625,2025-06-25 23:26:56.387737
Mastercard partners with Fiserv to support new FIUSD token as stablecoin competition is expected to grow,FastCompany,2025-06-24 23:26:56.450818,2025-06-25 23:26:56.450923
Latest SpaceX-linked investment product launched on Solana,TheStreet,2025-06-25 23:21:48.513513,2025-06-25 23:46:48.514890
Insider Watch: 3 CEOs Buying Shares in 2025,Zacks,2025-06-26 23:36:39.319637,2025-06-27 00:36:39.320577
Kraken launches Krak App to blend crypto payments and real-time finance,TheStreet,2025-06-26 23:36:39.321499,2025-06-27 00:36:39.321635
"Billionaire predicts 'Fantastic 40' companies by 2030, one surprise pick stands out",TheStreet,2025-06-26 23:36:39.322500,2025-06-27 00:36:39.322613
"Coinbase Comes Full Circle, Soars to Highest Price Since 2021 Nasdaq Debut",CoinDesk,2025-06-26 20:36:39.323480,2025-06-27 00:36:39.323591
Coinbase Shares Hit First Record Since 2021 on Stablecoin Fervor,Bloomberg,2025-06-26 20:36:39.324425,2025-06-27 00:36:39.324535
Ledger exec predicts a Fortune 500 company could allocate 10% of its treasury to Bitcoin,TheStreet,2025-06-26 20:36:39.325363,2025-06-27 00:36:39.325472
HIVE hits $115.3M revenue in FY2025 as AI cloud earnings triple,TheStreet,2025-06-26 20:36:39.326290,2025-06-27 00:36:39.326413
"Coinbase, Circle rally as stablecoin momentum heats up",Yahoo Finance,2025-06-26 20:36:39.327219,2025-06-27 00:36:39.327366
Bitcoin Holds Above $107K Ahead of Friday’s Big Options Expiry With $102K Max Pain Price,CoinDesk,2025-06-26 20:36:39.328193,2025-06-27 00:36:39.328308
Interested In Bitcoin Backed Lending: Maple Finance CEO,Bloomberg,2025-06-26 19:36:39.329204,2025-06-27 00:36:39.329329
Proof of Personhood: Inside the companies reinventing digital identity for Web3,TheStreet,2025-06-26 19:36:39.330148,2025-06-27 00:36:39.330253
Why Is Coinbase (COIN) Stock Rocketing Higher Today,StockStory,2025-06-26 18:36:39.331075,2025-06-27 00:36:39.331186
Why Circle Internet Stock Is Soaring Today,Motley Fool,2025-06-26 18:36:39.332183,2025-06-27 00:36:39.332338
Stablecoins Can 'Dollarize' The World: Consensys CEO,Bloomberg,2025-06-26 18:36:39.333182,2025-06-27 00:36:39.333291
Wall Street's GENIUS Act could spell trouble for the largest stablecoin issuer,TheStreet,2025-06-26 18:36:39.334128,2025-06-27 00:36:39.334234
"Ripple vs SEC lawsuit hits shocking standstill, XRP dips immediately",TheStreet,2025-06-26 17:36:39.335051,2025-06-27 00:36:39.335155
The Trump administration just took a big step toward considering crypto assets during home loan applications,Fortune,2025-06-26 17:36:39.335973,2025-06-27 00:36:39.336078
Ripple Integrates Wormhole With XRP Ledger to Power Institutional Multichain Moves,CoinDesk,2025-06-26 16:36:39.336887,2025-06-27 00:36:39.336989
Key U.S. Senator Tells White House Crypto Market Structure Bill Will Be Done by Sept. 30,CoinDesk,2025-06-26 16:36:39.337806,2025-06-27 00:36:39.337909
"Hong Kong Sets Out Plan to Regulate Crypto, Encourage Tokenization",CoinDesk,2025-06-26 16:36:39.338707,2025-06-27 00:36:39.338810
Spot DOGE ETF Appears Nearer as Bitwise Amends Filing,CoinDesk,2025-06-26 16:36:39.339610,2025-06-27 00:36:39.339713
"SEC, Ripple wants to settle crypto lawsuit, but US judge rebuffs them",Reuters,2025-06-26 16:36:39.340523,2025-06-27 00:36:39.340624
Dinari granted first broker-dealer registration to offer tokenized stocks,Reuters,2025-06-26 16:36:39.341445,2025-06-27 00:36:39.341549
U.S. Dollar Falls to 3-Year Low on Trump's Fed Chair Saga,CoinDesk,2025-06-26 15:36:39.342366,2025-06-27 00:36:39.342472
Metaplanet Surpasses Tesla in Bitcoin Holdings,CoinDesk,2025-06-26 15:36:39.343262,2025-06-27 00:36:39.343383
Solana-Focused Upexi to Tokenize Shares; Added 56K SOL to Holdings,CoinDesk,2025-06-26 15:36:39.344211,2025-06-27 00:36:39.344328
Crypto for Advisors: Crypto Hits Wall Street,CoinDesk,2025-06-26 15:36:39.345126,2025-06-27 00:36:39.345228
Cathie Wood's ARKK ETF Turns Red Hot in June: Here's Why,Zacks,2025-06-26 15:36:39.346041,2025-06-27 00:36:39.346143
NEAR Tumbles 5% as Altcoin Market Fails to Sustain Rally,CoinDesk,2025-06-26 14:36:39.346983,2025-06-27 00:36:39.347088
Global financial crime watchdog calls for action on crypto risks,Reuters,2025-06-26 14:36:39.347901,2025-06-27 00:36:39.348004
Real-World Asset Tokenization Market Has Grown Almost Fivefold in 3 Years,CoinDesk,2025-06-26 14:36:39.348815,2025-06-27 00:36:39.348917
Most Illicit On-Chain Activity Now Involves Stablecoins: FATF,CoinDesk,2025-06-26 14:36:39.349739,2025-06-27 00:36:39.349846
"Taurus Releases Open Source Privacy Tech for Stablecoins, Starts With Circle's USDC",CoinDesk,2025-06-26 14:36:39.350672,2025-06-27 00:36:39.350775
What’s Next for Tokenization?,CoinDesk,2025-06-26 14:36:39.351602,2025-06-27 00:36:39.351706
Zama secures $57m for blockchain encryption technology,Verdict,2025-06-26 14:36:39.352522,2025-06-27 00:36:39.352624
"CoinDesk 20 Performance Update: SUI Drops 4.6%, Leading Index Lower",CoinDesk,2025-06-26 13:36:39.353452,2025-06-27 00:36:39.353556
Crypto exchange Kraken debuts peer-to-peer payments app Krak,Reuters,2025-06-26 13:36:39.354383,2025-06-27 00:36:39.354489
"Crypto Exchange Kraken Unveils ‘Krak,’ Its New All-in-One Global Money App",CoinDesk,2025-06-26 13:36:39.355287,2025-06-27 00:36:39.355408
Will Affirm's Auto Move With Shopmonkey Fuel More Repeat Users?,Zacks,2025-06-26 13:36:39.356210,2025-06-27 00:36:39.356328
"Ex-Blackstone, Tether Execs Seek $1B to Build Multitoken Crypto Treasury: Bloomberg",CoinDesk,2025-06-26 13:36:39.357129,2025-06-27 00:36:39.357230
"For Altcoin Whales Trading May be Easier on Bitget Than Binance, CoinGecko Research Finds",CoinDesk,2025-06-26 12:36:39.358046,2025-06-27 00:36:39.358150
Crypto Custodian Taurus Launches First Stablecoin Contract With Privacy Features,CoinDesk,2025-06-26 12:36:39.358978,2025-06-27 00:36:39.359091
Where Will Dogecoin Be in 5 Years?,Motley Fool,2025-06-26 12:36:39.359910,2025-06-27 00:36:39.360011
5 Crypto-Centric Stocks in Focus on Recent Positive Developments,Zacks,2025-06-26 12:36:39.360830,2025-06-27 00:36:39.360930
"Rain, Toku Debut Stablecoin Payrolls for Workers in Over 100 Countries",CoinDesk,2025-06-26 12:36:39.361749,2025-06-27 00:36:39.361850
Mastercard expands partnership with Fiserv to integrate FIUSD stablecoin,Electronic Payments,2025-06-26 12:36:39.362667,2025-06-27 00:36:39.362771
Crypto gains foothold in Bolivia as small businesses seek currency alternatives,Reuters,2025-06-26 12:36:39.363593,2025-06-27 00:36:39.363696
"Stablecoins could bridge legacy finance-crypto gap, Bastion exec says",CFO Dive,2025-06-26 11:36:39.364532,2025-06-27 00:36:39.364638
Is It Time to Ride the Upbeat Momentum in Coinbase? ETFs in Focus,Zacks,2025-06-26 11:36:39.365461,2025-06-27 00:36:39.365565
Circle Is Up About 700% Since Its IPO. Should You Still Buy the Stock at a Monster Valuation?,Motley Fool,2025-06-26 11:36:39.366480,2025-06-27 00:36:39.366589
Is First Trust Multi Cap Growth AlphaDEX ETF (FAD) a Strong ETF Right Now?,Zacks,2025-06-26 10:36:39.367409,2025-06-27 00:36:39.367515
"Bitcoin Illiquid Supply Climbs to Over 14M BTC, Reflects Strong HODL Trend",CoinDesk,2025-06-26 10:36:39.368327,2025-06-27 00:36:39.368435
CoreWeave vs. Circle Internet Group: What's the Best New Growth Stock to Buy?,Motley Fool,2025-06-26 10:36:39.369241,2025-06-27 00:36:39.369361
The U.S. Senate Just Passed a Landmark Cryptocurrency Regulation Bill. Here's What Investors Need to Know.,Motley Fool,2025-06-26 10:36:39.370164,2025-06-27 00:36:39.370265
PEPE Slides 5% as Hype Fades Despite Elon Musk's April Nod,CoinDesk,2025-06-26 10:36:39.371224,2025-06-27 00:36:39.371374
2 Warren Buffett Dividend Stocks to Build Your Passive Income Empire,Motley Fool,2025-06-26 10:36:39.372248,2025-06-27 00:36:39.372372
Will Palantir Technologies Stock Reach a $1 Trillion Valuation by 2027?,Motley Fool,2025-06-26 10:36:39.373173,2025-06-27 00:36:39.373275
Exclusive: Crypto giant Galaxy raises $175 million for first venture fund,Fortune,2025-06-26 09:36:39.374096,2025-06-27 00:36:39.374201
What's Driving SEI Prices as Token Soars 50% in a Week,CoinDesk,2025-06-26 09:36:39.375034,2025-06-27 00:36:39.375136
"Can a $10,000 Investment in Ethereum Turn Into $1 Million By 2030?",Motley Fool,2025-06-26 09:36:39.375963,2025-06-27 00:36:39.376066
Semler Scientific Trades at Premium to Bitcoin Holdings for First Time in Three Weeks,CoinDesk,2025-06-26 09:36:39.376877,2025-06-27 00:36:39.376980
This 1 New Reason to Consider Buying Ethereum Is 1 New Risk for XRP,Motley Fool,2025-06-26 08:36:39.377801,2025-06-27 00:36:39.377902
Crypto Exchange Kraken Wins MiCA License in Ireland,CoinDesk,2025-06-26 08:36:39.378722,2025-06-27 00:36:39.378826
XRP Has Crushed Bitcoin Since Donald Trump's Election Win. Is the World's Largest Cryptocurrency About to Stage an Epic Comeback This Year?,Motley Fool,2025-06-26 08:36:39.379704,2025-06-27 00:36:39.379810
"Zacks Investment Ideas feature highlights: Coinbase, Circle Internet, Visa, American Express and Shopify",Zacks,2025-06-26 08:36:39.380639,2025-06-27 00:36:39.380743
"Coinbase Brings Wrapped Cardano, Litecoin to Base With cbADA, cbLTC",CoinDesk,2025-06-26 07:36:39.381568,2025-06-27 00:36:39.381672
Dogecoin Bulls Defend 16 Cent Support as Elon Musk’s X Payments Speculations Loom,CoinDesk,2025-06-26 07:36:39.382503,2025-06-27 00:36:39.382608
‘XRP to $3’ Searches Rise as Token Shows Whale Activity Spike,CoinDesk,2025-06-26 06:36:39.383426,2025-06-27 00:36:39.383531
"Bitcoin's Bull Case Strengthens as Dollar Index Slides, Nvidia Hits Record High Amid Recession Cues",CoinDesk,2025-06-26 06:36:39.384350,2025-06-27 00:36:39.384455
"Bitcoin nears $108K as Fed rate cut bets rise; traders eye ether, solana, cardano",CoinDesk,2025-06-26 05:36:39.385262,2025-06-27 00:36:39.385398
"World Liberty Makes Narrative U-Turn, Says WLFI Token Will Become Tradable Soon",CoinDesk,2025-06-26 05:36:39.386204,2025-06-27 00:36:39.386305
"Metaplanet Overtakes Musk's Tesla, Becomes Fifth Largest Corporate Bitcoin Holder",CoinDesk,2025-06-26 05:36:39.387122,2025-06-27 00:36:39.387225
1 Stock Under $50 Worth Your Attention and 2 to Question,StockStory,2025-06-26 04:36:39.388038,2025-06-27 00:36:39.388142
Watch These Nvidia Price Levels as Stock Surges to All-Time High,Investopedia,2025-06-26 03:36:39.388949,2025-06-27 00:36:39.389050
Aer Lingus Visa Signature Card review: Earn a lucrative welcome bonus and companion ticket,Yahoo Personal Finance,2025-06-26 00:36:39.389853,2025-06-27 00:36:39.389960
Bit Digital Exits BTC Mining to Focus Solely on ETH Staking Strategy,CoinDesk,2025-06-26 00:36:39.394251,2025-06-27 00:36:39.394371
Circle’s stock plummets 25% over two days as investors flock to this other stablecoin play,MarketWatch,2025-06-26 00:36:39.396876,2025-06-27 00:36:39.396978
Bumble shares soar after dating app announces major job cuts,FastCompany,2025-06-26 00:36:39.405655,2025-06-27 00:36:39.405756
Asia Morning Briefing: Asia's Banks Look to Stablecoins to Prevent Deposit Flight,CoinDesk,2025-06-27 01:37:28.916627,2025-06-27 04:37:28.917591
Circle Internet Group (CRCL) Taps Into Stablecoin Boom Amid Frothy Valuation,TipRanks,2025-06-27 01:41:02.399386,2025-06-27 06:41:02.400354
"Bitcoin's Double Top Warrants Caution, But a Full-Blown Price Crash Seems Unlikely: Sygnum Bank",CoinDesk,2025-06-27 04:28:46.593497,2025-06-27 07:28:46.594429
"Billionaires Sell Nvidia Stock and Buy a BlackRock ETF Wall Street Experts Say Could Soar Up to 12,160%",Motley Fool,2025-06-27 07:12:49.291569,2025-06-27 07:44:49.292537
"Warren Buffett Has Put Almost $78 Billion to Work in His Favorite Stock Over 7 Years, and It Recently Fell 10% -- Is the Oracle of Omaha a Buyer?",Motley Fool,2025-06-27 07:06:49.293856,2025-06-27 07:44:49.293986
Are Quantum Computing Stocks Becoming the Next AI?,Motley Fool,2025-06-27 07:40:28.448021,2025-06-27 08:37:28.448992
XRP Slides 5% as Selling Pressure Intensifies Despite Whale Transfers,CoinDesk,2025-06-27 05:37:28.451846,2025-06-27 08:37:28.451957
"XRP, Solana Lead Profit-Taking Among Crypto Majors Even as Bullish Mood Persists",CoinDesk,2025-06-27 05:37:28.452781,2025-06-27 08:37:28.452889
"Will a $10,000 Investment in Solana Turn Into $1 Million by 2035?",Motley Fool,2025-06-27 09:00:01.246136,2025-06-27 09:31:01.247118
4 Key Signals Investors Are Watching for Bitcoin's Next Surge,Motley Fool,2025-06-27 10:00:59.658163,2025-06-27 10:32:59.659221
ACX Token Slides 10% as Accusations of DAO Manipulation Rock Across Protocol,CoinDesk,2025-06-27 07:32:59.663317,2025-06-27 10:32:59.663433
Market Cap of Euro Stablecoins Surges to Nearly $500M as EUR/USD Rivals Bitcoin's H1 Gains,CoinDesk,2025-06-27 07:32:59.665226,2025-06-27 10:32:59.665333
Circle Mania Grips South Korea as Retail Investors Pile Into Stablecoin Play,CoinDesk,2025-06-27 07:32:59.666168,2025-06-27 10:32:59.666275
"Could a $10,000 Investment in XRP (Ripple) Turn Into $1 Million by 2035?",Motley Fool,2025-06-27 10:15:36.037734,2025-06-27 10:50:36.038702
"Bitcoin Treasury Corporation Acquires 292 BTC, Prepares for Toronto Trading Debut",CoinDesk,2025-06-27 08:24:39.032595,2025-06-27 11:24:39.032706
NHS grants approval for new GP IT system in England,Hospital Management,2025-06-27 11:28:07.289575,2025-06-27 11:44:07.290540
UAE fund buys $100 million of Trump's World Liberty tokens,Reuters,2025-06-27 12:50:52.831726,2025-06-27 12:56:52.832693
"5 Vanguard ETFs to Buy With $1,000 and Hold Forever",Motley Fool,2025-06-27 12:00:52.834084,2025-06-27 12:56:52.834223
10 Best Ways You Could Invest $100 Today,Motley Fool,2025-06-27 11:56:52.835106,2025-06-27 12:56:52.835218
CoinDesk Live at Injective Summit 2025,CoinDesk,2025-06-27 11:56:52.836973,2025-06-27 12:56:52.837082
SUI Rebounds From Key Support as Nasdaq-Listed Lion Group Eyes Treasury Purchase,CoinDesk,2025-06-27 09:56:52.839757,2025-06-27 12:56:52.839865
Trump’s World Liberty Gains Another International Crypto Partner,Bloomberg,2025-06-27 13:00:57.298307,2025-06-27 13:37:57.298451
Crypto’s Audacious Bid to Rebuild Stock Market on the Blockchain,Bloomberg,2025-06-27 12:37:57.301427,2025-06-27 13:37:57.301544
Bitcoin Faces Weakest Monthly Growth Since July as Whales Counteract ETF Inflows,CoinDesk,2025-06-27 11:37:57.305057,2025-06-27 13:37:57.305162
This cryptocurrency is bitcoin’s biggest challenger yet — and it just might take over your wallet,MarketWatch,2025-06-26 18:37:57.330833,2025-06-27 13:37:57.330935
Kraken rolls out peer-to-peer payments app,Electronic Payments,2025-06-27 14:12:52.126496,2025-06-27 14:29:52.127478
"Bitcoin Miner Revenue Drops to 2-Month Low, but Selling Pressure Remains Absent: CryptoQuant",CoinDesk,2025-06-27 11:29:52.134207,2025-06-27 14:29:52.134316
Crypto Lost Over $2.1B to Hacks in First Half of 2025,CoinDesk,2025-06-27 14:52:56.166627,2025-06-27 15:29:56.167575
Looking for Fintech Growth? Here's How Affirm and SoFi Stack Up,Zacks,2025-06-27 14:46:51.418830,2025-06-27 15:46:51.418946
Bolt Embraces Stablecoin Payments for Global Marketplaces as Digital Dollar Race Heats Up,CoinDesk,2025-06-27 13:34:47.115676,2025-06-27 16:34:47.115803
Short COIN/Long BTC Trade Will Be a Winner as Soaring Coinbase Nears Overvaluation: 10x Research,CoinDesk,2025-06-27 13:34:47.116615,2025-06-27 16:34:47.116724
"Tokenization Firm Midas Introduces Private Credit Product with Fasanara, Morpho and Steakhouse",CoinDesk,2025-06-27 13:34:47.118479,2025-06-27 16:34:47.118588
PlaxidityX and Hitachi partner for SDV development and security,Just Auto,2025-06-27 16:24:35.215302,2025-06-27 16:52:35.216301
Up Over 100%: These 2 Monster Growth Stocks Earn an Upgrade,TipRanks,2025-06-27 17:07:07.042047,2025-06-27 17:27:07.043015
"DeepSeek under scrutiny in Germany, AI tokens falter",TheStreet,2025-06-27 16:27:07.044970,2025-06-27 17:27:07.045098
AVAX Breaks Out of Consolidation Phase,CoinDesk,2025-06-27 15:27:07.046915,2025-06-27 17:27:07.047054
TON Rises 2% as Short-Term Uptrend Pattern Emerges,CoinDesk,2025-06-27 15:27:07.047897,2025-06-27 17:27:07.048006
Bolivia crypto transactions up over 530% amid currency woes,Reuters,2025-06-27 17:49:26.569437,2025-06-27 18:38:26.570397
Bakkt makes moves to issue $1 billion worth of securities and could potentially use the money to create a crypto treasury,Fortune,2025-06-27 16:38:26.574172,2025-06-27 18:38:26.574284
Trump-Linked DeFi Project World Liberty Teams With Re7 for USD1 Stablecoin Vault,CoinDesk,2025-06-27 15:38:26.575117,2025-06-27 18:38:26.575226
Tokenized Apple stock? Reserve co-founder says it’s been possible for a decade,TheStreet,2025-06-27 19:01:06.558722,2025-06-27 19:21:06.559686
Billionaires lash out as socialist Zohran Mamdani wins NYC mayoral primary,TheStreet,2025-06-27 18:53:06.561128,2025-06-27 19:21:06.561263
Europe’s Time Is Now (for Stablecoins),CoinDesk,2025-06-27 17:21:06.565460,2025-06-27 19:21:06.565569
Coinbase Sets U.S. Perpetual-Style Futures Launch as CEO Says Firm Is Buying Bitcoin Weekly,CoinDesk,2025-06-27 16:21:06.567332,2025-06-27 19:21:06.567441
Trump shares shocking strategy to take pressure off dollar,TheStreet,2025-06-27 19:50:35.764794,2025-06-27 20:30:35.765776
Is Coinbase's Rally Overextended?,CoinDesk,2025-06-27 19:49:35.767079,2025-06-27 20:30:35.767207
"Succinct CEO on State of Crypto Fundraising, App Development",Bloomberg,2025-06-27 19:30:35.768071,2025-06-27 20:30:35.768186
CoinDesk Weekly Recap: Stablecoins Dominate the Cycle,CoinDesk,2025-06-27 17:30:35.772724,2025-06-27 20:30:35.772836
Stablecoins Are the ‘Quiet Winners’ of Polymarket’s Surge: Coinbase Research,CoinDesk,2025-06-27 17:30:35.774587,2025-06-27 20:30:35.774691
Power Slap's Global Explosion: UFC Dana White's Next Billion-Dollar Sport,CoinDesk,2025-06-27 20:24:45.031369,2025-06-27 21:24:45.031483
"Trump terminates all trade talks with Canada, markets falter",TheStreet,2025-06-27 21:30:45.442073,2025-06-27 22:30:45.443008
Market Wrap: Crypto Markets Shrug Off New Trump Tariff Threat as July Deadline Looms,CoinDesk,2025-06-27 19:30:45.446807,2025-06-27 22:30:45.446918
"Ripple to drop cross appeal against US SEC in crypto lawsuit, CEO says",Reuters,2025-06-27 22:32:10.886548,2025-06-27 22:48:10.887505
Jim Cramer has a six-word response to upcoming bull market,TheStreet,2025-06-27 23:00:33.613349,2025-06-27 23:27:33.614313
Veteran fund manager misses more than just Tesla,TheStreet,2025-06-27 22:31:33.617103,2025-06-27 23:27:33.617220
"Anchorage to Phase Out USDC, Agora USD Citing Risks, Stirring Fierce Backlash",CoinDesk,2025-06-27 21:27:33.619038,2025-06-27 23:27:33.619145
Prologis (PLD) Exceeds Market Returns: Some Facts to Consider,Zacks,2025-06-27 22:08:43.818504,2025-06-28 02:08:43.818615
"Gemini Rolls Out Tokenized Stocks in EU, Starting With Strategy Shares",CoinDesk,2025-06-27 22:08:43.819440,2025-06-28 02:08:43.819551
"Jamie Dimon Warns of Market ""Crack."" These 3 Stocks May Offer Shelter.",Motley Fool,2025-06-28 08:00:38.642328,2025-06-28 08:33:38.643278
3 Ways the Genius Act Could Affect the Cryptocurrency Sector Over the Next 5 Years,Motley Fool,2025-06-28 09:00:22.672243,2025-06-28 09:30:22.673203
Could Solana Overtake Ethereum by 2026?,Motley Fool,2025-06-28 08:45:22.674385,2025-06-28 09:30:22.674513
"This 1 Cryptocurrency Could Soar 20,000% Over the Next 21 Years, According to Michael Saylor of Strategy (MicroStrategy)",Motley Fool,2025-06-28 09:13:29.148228,2025-06-28 09:46:29.149183
3 Green Flags for Dogecoin in the Next 12 Months,Motley Fool,2025-06-28 09:45:24.146198,2025-06-28 10:30:24.147200
Which Cryptocurrency Is More Likely to Be a Millionaire Maker? XRP vs. Shiba Inu,Motley Fool,2025-06-28 10:30:53.124503,2025-06-28 11:22:53.125500
5 Macro Trends Likely to Send Bitcoin and XRP Skyrocketing in 2026,Motley Fool,2025-06-28 11:01:00.261879,2025-06-28 11:44:00.262832
"This BlackRock ETF Could Soar 12,770%, According to Billionaire Michael Saylor",Motley Fool,2025-06-28 11:52:41.432139,2025-06-28 12:52:41.433092
